"filename", "language", "TypeScript", "JSON", "HTML", "JSON with Comments", "CSS", "TypeScript JSX", "Markdown", "XML", "JavaScript", "Batch", "Properties", "Groovy", "Java", "Ignore", "Python", "pip requirements", "comment", "blank", "total"
"c:\Users\Vitalii\Projects\pc-hub\backend\backup.json", "JSON", 0, -12025, 0, 0, 0, 0, 0, 0, 0, 0, 0, 0, 0, 0, 0, 0, 0, -1, -12026
"c:\Users\Vitalii\Projects\pc-hub\backend\cart\__init__.py", "Python", 0, 0, 0, 0, 0, 0, 0, 0, 0, 0, 0, 0, 0, 0, 0, 0, 0, -1, -1
"c:\Users\Vitalii\Projects\pc-hub\backend\cart\admin.py", "Python", 0, 0, 0, 0, 0, 0, 0, 0, 0, 0, 0, 0, 0, 0, -68, 0, 0, -15, -83
"c:\Users\Vitalii\Projects\pc-hub\backend\cart\apps.py", "Python", 0, 0, 0, 0, 0, 0, 0, 0, 0, 0, 0, 0, 0, 0, -4, 0, 0, -3, -7
"c:\Users\Vitalii\Projects\pc-hub\backend\cart\management\__init__.py", "Python", 0, 0, 0, 0, 0, 0, 0, 0, 0, 0, 0, 0, 0, 0, 0, 0, 0, -1, -1
"c:\Users\Vitalii\Projects\pc-hub\backend\cart\management\commands\__init__.py", "Python", 0, 0, 0, 0, 0, 0, 0, 0, 0, 0, 0, 0, 0, 0, 0, 0, 0, -1, -1
"c:\Users\Vitalii\Projects\pc-hub\backend\cart\management\commands\clear_carts.py", "Python", 0, 0, 0, 0, 0, 0, 0, 0, 0, 0, 0, 0, 0, 0, -22, 0, 0, -10, -32
"c:\Users\Vitalii\Projects\pc-hub\backend\cart\migrations\0001_initial.py", "Python", 0, 0, 0, 0, 0, 0, 0, 0, 0, 0, 0, 0, 0, 0, -36, 0, -1, -7, -44
"c:\Users\Vitalii\Projects\pc-hub\backend\cart\migrations\0002_initial.py", "Python", 0, 0, 0, 0, 0, 0, 0, 0, 0, 0, 0, 0, 0, 0, -35, 0, -1, -7, -43
"c:\Users\Vitalii\Projects\pc-hub\backend\cart\migrations\__init__.py", "Python", 0, 0, 0, 0, 0, 0, 0, 0, 0, 0, 0, 0, 0, 0, 0, 0, 0, -1, -1
"c:\Users\Vitalii\Projects\pc-hub\backend\cart\models.py", "Python", 0, 0, 0, 0, 0, 0, 0, 0, 0, 0, 0, 0, 0, 0, -85, 0, 0, -18, -103
"c:\Users\Vitalii\Projects\pc-hub\backend\cart\serializers.py", "Python", 0, 0, 0, 0, 0, 0, 0, 0, 0, 0, 0, 0, 0, 0, -7, 0, 0, -5, -12
"c:\Users\Vitalii\Projects\pc-hub\backend\cart\tests.py", "Python", 0, 0, 0, 0, 0, 0, 0, 0, 0, 0, 0, 0, 0, 0, -1, 0, -1, -2, -4
"c:\Users\Vitalii\Projects\pc-hub\backend\cart\urls.py", "Python", 0, 0, 0, 0, 0, 0, 0, 0, 0, 0, 0, 0, 0, 0, -8, 0, 0, -3, -11
"c:\Users\Vitalii\Projects\pc-hub\backend\cart\views.py", "Python", 0, 0, 0, 0, 0, 0, 0, 0, 0, 0, 0, 0, 0, 0, -253, 0, 0, -31, -284
"c:\Users\Vitalii\Projects\pc-hub\backend\core\__init__.py", "Python", 0, 0, 0, 0, 0, 0, 0, 0, 0, 0, 0, 0, 0, 0, 0, 0, 0, -1, -1
"c:\Users\Vitalii\Projects\pc-hub\backend\core\admin.py", "Python", 0, 0, 0, 0, 0, 0, 0, 0, 0, 0, 0, 0, 0, 0, -31, 0, 0, -14, -45
"c:\Users\Vitalii\Projects\pc-hub\backend\core\apps.py", "Python", 0, 0, 0, 0, 0, 0, 0, 0, 0, 0, 0, 0, 0, 0, -4, 0, 0, -3, -7
"c:\Users\Vitalii\Projects\pc-hub\backend\core\management\commands\__init__.py", "Python", 0, 0, 0, 0, 0, 0, 0, 0, 0, 0, 0, 0, 0, 0, 0, 0, 0, -1, -1
"c:\Users\Vitalii\Projects\pc-hub\backend\core\management\commands\clear_wishlists.py", "Python", 0, 0, 0, 0, 0, 0, 0, 0, 0, 0, 0, 0, 0, 0, -23, 0, 0, -11, -34
"c:\Users\Vitalii\Projects\pc-hub\backend\core\migrations\0001_initial.py", "Python", 0, 0, 0, 0, 0, 0, 0, 0, 0, 0, 0, 0, 0, 0, -79, 0, -1, -7, -87
"c:\Users\Vitalii\Projects\pc-hub\backend\core\migrations\0002_initial.py", "Python", 0, 0, 0, 0, 0, 0, 0, 0, 0, 0, 0, 0, 0, 0, -40, 0, -1, -7, -48
"c:\Users\Vitalii\Projects\pc-hub\backend\core\migrations\__init__.py", "Python", 0, 0, 0, 0, 0, 0, 0, 0, 0, 0, 0, 0, 0, 0, 0, 0, 0, -1, -1
"c:\Users\Vitalii\Projects\pc-hub\backend\core\models.py", "Python", 0, 0, 0, 0, 0, 0, 0, 0, 0, 0, 0, 0, 0, 0, -112, 0, -1, -29, -142
"c:\Users\Vitalii\Projects\pc-hub\backend\core\serializers.py", "Python", 0, 0, 0, 0, 0, 0, 0, 0, 0, 0, 0, 0, 0, 0, -42, 0, 0, -23, -65
"c:\Users\Vitalii\Projects\pc-hub\backend\core\signals.py", "Python", 0, 0, 0, 0, 0, 0, 0, 0, 0, 0, 0, 0, 0, 0, -18, 0, -1, -5, -24
"c:\Users\Vitalii\Projects\pc-hub\backend\core\tests.py", "Python", 0, 0, 0, 0, 0, 0, 0, 0, 0, 0, 0, 0, 0, 0, -1, 0, -1, -2, -4
"c:\Users\Vitalii\Projects\pc-hub\backend\core\translation.py", "Python", 0, 0, 0, 0, 0, 0, 0, 0, 0, 0, 0, 0, 0, 0, -8, 0, 0, -4, -12
"c:\Users\Vitalii\Projects\pc-hub\backend\core\urls.py", "Python", 0, 0, 0, 0, 0, 0, 0, 0, 0, 0, 0, 0, 0, 0, -11, 0, 0, -3, -14
"c:\Users\Vitalii\Projects\pc-hub\backend\core\views.py", "Python", 0, 0, 0, 0, 0, 0, 0, 0, 0, 0, 0, 0, 0, 0, -177, 0, 0, -51, -228
"c:\Users\Vitalii\Projects\pc-hub\backend\manage.py", "Python", 0, 0, 0, 0, 0, 0, 0, 0, 0, 0, 0, 0, 0, 0, -17, 0, -1, -5, -23
"c:\Users\Vitalii\Projects\pc-hub\backend\mysite\__init__.py", "Python", 0, 0, 0, 0, 0, 0, 0, 0, 0, 0, 0, 0, 0, 0, 0, 0, 0, -1, -1
"c:\Users\Vitalii\Projects\pc-hub\backend\mysite\asgi.py", "Python", 0, 0, 0, 0, 0, 0, 0, 0, 0, 0, 0, 0, 0, 0, -10, 0, 0, -7, -17
"c:\Users\Vitalii\Projects\pc-hub\backend\mysite\settings.py", "Python", 0, 0, 0, 0, 0, 0, 0, 0, 0, 0, 0, 0, 0, 0, -140, 0, -30, -47, -217
"c:\Users\Vitalii\Projects\pc-hub\backend\mysite\urls.py", "Python", 0, 0, 0, 0, 0, 0, 0, 0, 0, 0, 0, 0, 0, 0, -35, 0, 0, -5, -40
"c:\Users\Vitalii\Projects\pc-hub\backend\mysite\wsgi.py", "Python", 0, 0, 0, 0, 0, 0, 0, 0, 0, 0, 0, 0, 0, 0, -10, 0, 0, -7, -17
"c:\Users\Vitalii\Projects\pc-hub\backend\news\__init__.py", "Python", 0, 0, 0, 0, 0, 0, 0, 0, 0, 0, 0, 0, 0, 0, 0, 0, 0, -1, -1
"c:\Users\Vitalii\Projects\pc-hub\backend\news\admin.py", "Python", 0, 0, 0, 0, 0, 0, 0, 0, 0, 0, 0, 0, 0, 0, -14, 0, 0, -4, -18
"c:\Users\Vitalii\Projects\pc-hub\backend\news\apps.py", "Python", 0, 0, 0, 0, 0, 0, 0, 0, 0, 0, 0, 0, 0, 0, -4, 0, 0, -3, -7
"c:\Users\Vitalii\Projects\pc-hub\backend\news\migrations\0001_initial.py", "Python", 0, 0, 0, 0, 0, 0, 0, 0, 0, 0, 0, 0, 0, 0, -33, 0, -1, -7, -41
"c:\Users\Vitalii\Projects\pc-hub\backend\news\migrations\__init__.py", "Python", 0, 0, 0, 0, 0, 0, 0, 0, 0, 0, 0, 0, 0, 0, 0, 0, 0, -1, -1
"c:\Users\Vitalii\Projects\pc-hub\backend\news\models.py", "Python", 0, 0, 0, 0, 0, 0, 0, 0, 0, 0, 0, 0, 0, 0, -59, 0, 0, -13, -72
"c:\Users\Vitalii\Projects\pc-hub\backend\news\serializers.py", "Python", 0, 0, 0, 0, 0, 0, 0, 0, 0, 0, 0, 0, 0, 0, -10, 0, 0, -5, -15
"c:\Users\Vitalii\Projects\pc-hub\backend\news\signals.py", "Python", 0, 0, 0, 0, 0, 0, 0, 0, 0, 0, 0, 0, 0, 0, -18, 0, -1, -5, -24
"c:\Users\Vitalii\Projects\pc-hub\backend\news\tests.py", "Python", 0, 0, 0, 0, 0, 0, 0, 0, 0, 0, 0, 0, 0, 0, -1, 0, -1, -2, -4
"c:\Users\Vitalii\Projects\pc-hub\backend\news\translation.py", "Python", 0, 0, 0, 0, 0, 0, 0, 0, 0, 0, 0, 0, 0, 0, -11, 0, 0, -4, -15
"c:\Users\Vitalii\Projects\pc-hub\backend\news\urls.py", "Python", 0, 0, 0, 0, 0, 0, 0, 0, 0, 0, 0, 0, 0, 0, -6, 0, 0, -2, -8
"c:\Users\Vitalii\Projects\pc-hub\backend\news\views.py", "Python", 0, 0, 0, 0, 0, 0, 0, 0, 0, 0, 0, 0, 0, 0, -24, 0, 0, -12, -36
"c:\Users\Vitalii\Projects\pc-hub\backend\orders\__init__.py", "Python", 0, 0, 0, 0, 0, 0, 0, 0, 0, 0, 0, 0, 0, 0, 0, 0, 0, -1, -1
"c:\Users\Vitalii\Projects\pc-hub\backend\orders\admin.py", "Python", 0, 0, 0, 0, 0, 0, 0, 0, 0, 0, 0, 0, 0, 0, -8, 0, 0, -3, -11
"c:\Users\Vitalii\Projects\pc-hub\backend\orders\apps.py", "Python", 0, 0, 0, 0, 0, 0, 0, 0, 0, 0, 0, 0, 0, 0, -4, 0, 0, -3, -7
"c:\Users\Vitalii\Projects\pc-hub\backend\orders\migrations\0001_initial.py", "Python", 0, 0, 0, 0, 0, 0, 0, 0, 0, 0, 0, 0, 0, 0, -22, 0, -1, -7, -30
"c:\Users\Vitalii\Projects\pc-hub\backend\orders\migrations\0002_deliveryoption_image.py", "Python", 0, 0, 0, 0, 0, 0, 0, 0, 0, 0, 0, 0, 0, 0, -12, 0, -1, -6, -19
"c:\Users\Vitalii\Projects\pc-hub\backend\orders\migrations\__init__.py", "Python", 0, 0, 0, 0, 0, 0, 0, 0, 0, 0, 0, 0, 0, 0, 0, 0, 0, -1, -1
"c:\Users\Vitalii\Projects\pc-hub\backend\orders\models.py", "Python", 0, 0, 0, 0, 0, 0, 0, 0, 0, 0, 0, 0, 0, 0, -23, 0, 0, -7, -30
"c:\Users\Vitalii\Projects\pc-hub\backend\orders\serializers.py", "Python", 0, 0, 0, 0, 0, 0, 0, 0, 0, 0, 0, 0, 0, 0, -13, 0, 0, -6, -19
"c:\Users\Vitalii\Projects\pc-hub\backend\orders\tests.py", "Python", 0, 0, 0, 0, 0, 0, 0, 0, 0, 0, 0, 0, 0, 0, -1, 0, -1, -2, -4
"c:\Users\Vitalii\Projects\pc-hub\backend\orders\translation.py", "Python", 0, 0, 0, 0, 0, 0, 0, 0, 0, 0, 0, 0, 0, 0, -8, 0, 0, -4, -12
"c:\Users\Vitalii\Projects\pc-hub\backend\orders\views.py", "Python", 0, 0, 0, 0, 0, 0, 0, 0, 0, 0, 0, 0, 0, 0, -1, 0, -1, -2, -4
"c:\Users\Vitalii\Projects\pc-hub\backend\product\__init__.py", "Python", 0, 0, 0, 0, 0, 0, 0, 0, 0, 0, 0, 0, 0, 0, 0, 0, 0, -1, -1
"c:\Users\Vitalii\Projects\pc-hub\backend\product\admin.py", "Python", 0, 0, 0, 0, 0, 0, 0, 0, 0, 0, 0, 0, 0, 0, -154, 0, -4, -47, -205
"c:\Users\Vitalii\Projects\pc-hub\backend\product\apps.py", "Python", 0, 0, 0, 0, 0, 0, 0, 0, 0, 0, 0, 0, 0, 0, -4, 0, 0, -3, -7
"c:\Users\Vitalii\Projects\pc-hub\backend\product\filters.py", "Python", 0, 0, 0, 0, 0, 0, 0, 0, 0, 0, 0, 0, 0, 0, -27, 0, 0, -7, -34
"c:\Users\Vitalii\Projects\pc-hub\backend\product\migrations\0001_initial.py", "Python", 0, 0, 0, 0, 0, 0, 0, 0, 0, 0, 0, 0, 0, 0, -149, 0, -1, -7, -157
"c:\Users\Vitalii\Projects\pc-hub\backend\product\migrations\0002_rename_varranty_product_warranty.py", "Python", 0, 0, 0, 0, 0, 0, 0, 0, 0, 0, 0, 0, 0, 0, -12, 0, -1, -6, -19
"c:\Users\Vitalii\Projects\pc-hub\backend\product\migrations\0003_remove_product_discount_product_discounted_price.py", "Python", 0, 0, 0, 0, 0, 0, 0, 0, 0, 0, 0, 0, 0, 0, -16, 0, -1, -6, -23
"c:\Users\Vitalii\Projects\pc-hub\backend\product\migrations\0004_categoryattribute.py", "Python", 0, 0, 0, 0, 0, 0, 0, 0, 0, 0, 0, 0, 0, 0, -22, 0, -1, -6, -29
"c:\Users\Vitalii\Projects\pc-hub\backend\product\migrations\0005_alter_categoryattribute_unique_together_and_more.py", "Python", 0, 0, 0, 0, 0, 0, 0, 0, 0, 0, 0, 0, 0, 0, -24, 0, -1, -6, -31
"c:\Users\Vitalii\Projects\pc-hub\backend\product\migrations\__init__.py", "Python", 0, 0, 0, 0, 0, 0, 0, 0, 0, 0, 0, 0, 0, 0, 0, 0, 0, -1, -1
"c:\Users\Vitalii\Projects\pc-hub\backend\product\models.py", "Python", 0, 0, 0, 0, 0, 0, 0, 0, 0, 0, 0, 0, 0, 0, -231, 0, 0, -56, -287
"c:\Users\Vitalii\Projects\pc-hub\backend\product\serializers.py", "Python", 0, 0, 0, 0, 0, 0, 0, 0, 0, 0, 0, 0, 0, 0, -171, 0, -2, -43, -216
"c:\Users\Vitalii\Projects\pc-hub\backend\product\signals.py", "Python", 0, 0, 0, 0, 0, 0, 0, 0, 0, 0, 0, 0, 0, 0, -32, 0, -2, -9, -43
"c:\Users\Vitalii\Projects\pc-hub\backend\product\tests.py", "Python", 0, 0, 0, 0, 0, 0, 0, 0, 0, 0, 0, 0, 0, 0, -1, 0, 0, -1, -2
"c:\Users\Vitalii\Projects\pc-hub\backend\product\translation.py", "Python", 0, 0, 0, 0, 0, 0, 0, 0, 0, 0, 0, 0, 0, 0, -20, 0, 0, -10, -30
"c:\Users\Vitalii\Projects\pc-hub\backend\product\urls.py", "Python", 0, 0, 0, 0, 0, 0, 0, 0, 0, 0, 0, 0, 0, 0, -19, 0, 0, -2, -21
"c:\Users\Vitalii\Projects\pc-hub\backend\product\views.py", "Python", 0, 0, 0, 0, 0, 0, 0, 0, 0, 0, 0, 0, 0, 0, -119, 0, -16, -46, -181
"c:\Users\Vitalii\Projects\pc-hub\backend\requirements.txt", "pip requirements", 0, 0, 0, 0, 0, 0, 0, 0, 0, 0, 0, 0, 0, 0, 0, -39, 0, -1, -40
"c:\Users\Vitalii\Projects\pc-hub\backend\script_for_dump.py", "Python", 0, 0, 0, 0, 0, 0, 0, 0, 0, 0, 0, 0, 0, 0, -9, 0, -1, -3, -13
"c:\Users\Vitalii\Projects\pc-hub\backend\user\__init__.py", "Python", 0, 0, 0, 0, 0, 0, 0, 0, 0, 0, 0, 0, 0, 0, 0, 0, 0, -1, -1
"c:\Users\Vitalii\Projects\pc-hub\backend\user\admin.py", "Python", 0, 0, 0, 0, 0, 0, 0, 0, 0, 0, 0, 0, 0, 0, -9, 0, 0, -4, -13
"c:\Users\Vitalii\Projects\pc-hub\backend\user\apps.py", "Python", 0, 0, 0, 0, 0, 0, 0, 0, 0, 0, 0, 0, 0, 0, -4, 0, 0, -3, -7
"c:\Users\Vitalii\Projects\pc-hub\backend\user\migrations\0001_initial.py", "Python", 0, 0, 0, 0, 0, 0, 0, 0, 0, 0, 0, 0, 0, 0, -36, 0, -1, -7, -44
"c:\Users\Vitalii\Projects\pc-hub\backend\user\migrations\__init__.py", "Python", 0, 0, 0, 0, 0, 0, 0, 0, 0, 0, 0, 0, 0, 0, 0, 0, 0, -1, -1
"c:\Users\Vitalii\Projects\pc-hub\backend\user\models.py", "Python", 0, 0, 0, 0, 0, 0, 0, 0, 0, 0, 0, 0, 0, 0, -125, 0, 0, -29, -154
"c:\Users\Vitalii\Projects\pc-hub\backend\user\serializers.py", "Python", 0, 0, 0, 0, 0, 0, 0, 0, 0, 0, 0, 0, 0, 0, -39, 0, 0, -11, -50
"c:\Users\Vitalii\Projects\pc-hub\backend\user\tests.py", "Python", 0, 0, 0, 0, 0, 0, 0, 0, 0, 0, 0, 0, 0, 0, -1, 0, -1, -2, -4
"c:\Users\Vitalii\Projects\pc-hub\backend\user\urls.py", "Python", 0, 0, 0, 0, 0, 0, 0, 0, 0, 0, 0, 0, 0, 0, -12, 0, 0, -2, -14
"c:\Users\Vitalii\Projects\pc-hub\backend\user\views.py", "Python", 0, 0, 0, 0, 0, 0, 0, 0, 0, 0, 0, 0, 0, 0, -209, 0, 0, -59, -268
"c:\Users\Vitalii\Projects\pc-hub\frontend\.prettierignore", "Ignore", 0, 0, 0, 0, 0, 0, 0, 0, 0, 0, 0, 0, 0, 3, 0, 0, 1, 1, 5
"c:\Users\Vitalii\Projects\pc-hub\frontend\.prettierrc.json", "JSON", 0, 1, 0, 0, 0, 0, 0, 0, 0, 0, 0, 0, 0, 0, 0, 0, 0, 1, 2
"c:\Users\Vitalii\Projects\pc-hub\frontend\README.md", "Markdown", 0, 0, 0, 0, 0, 0, 40, 0, 0, 0, 0, 0, 0, 0, 0, 0, 0, 11, 51
"c:\Users\Vitalii\Projects\pc-hub\frontend\android\app\build.gradle", "Groovy", 0, 0, 0, 0, 0, 0, 0, 0, 0, 0, 0, 47, 0, 0, 0, 0, 2, 6, 55
"c:\Users\Vitalii\Projects\pc-hub\frontend\android\app\capacitor.build.gradle", "Groovy", 0, 0, 0, 0, 0, 0, 0, 0, 0, 0, 0, 13, 0, 0, 0, 0, 1, 6, 20
"c:\Users\Vitalii\Projects\pc-hub\frontend\android\app\src\androidTest\java\com\getcapacitor\myapp\ExampleInstrumentedTest.java", "Java", 0, 0, 0, 0, 0, 0, 0, 0, 0, 0, 0, 0, 15, 0, 0, 0, 6, 6, 27
"c:\Users\Vitalii\Projects\pc-hub\frontend\android\app\src\main\AndroidManifest.xml", "XML", 0, 0, 0, 0, 0, 0, 0, 34, 0, 0, 0, 0, 0, 0, 0, 0, 1, 9, 44
"c:\Users\Vitalii\Projects\pc-hub\frontend\android\app\src\main\java\com\breweryCode\pcHub\MainActivity.java", "Java", 0, 0, 0, 0, 0, 0, 0, 0, 0, 0, 0, 0, 3, 0, 0, 0, 0, 3, 6
"c:\Users\Vitalii\Projects\pc-hub\frontend\android\app\src\main\res\drawable-v24\ic_launcher_foreground.xml", "XML", 0, 0, 0, 0, 0, 0, 0, 34, 0, 0, 0, 0, 0, 0, 0, 0, 0, 1, 35
"c:\Users\Vitalii\Projects\pc-hub\frontend\android\app\src\main\res\drawable\ic_launcher_background.xml", "XML", 0, 0, 0, 0, 0, 0, 0, 170, 0, 0, 0, 0, 0, 0, 0, 0, 0, 1, 171
"c:\Users\Vitalii\Projects\pc-hub\frontend\android\app\src\main\res\layout\activity_main.xml", "XML", 0, 0, 0, 0, 0, 0, 0, 11, 0, 0, 0, 0, 0, 0, 0, 0, 0, 2, 13
"c:\Users\Vitalii\Projects\pc-hub\frontend\android\app\src\main\res\mipmap-anydpi-v26\ic_launcher.xml", "XML", 0, 0, 0, 0, 0, 0, 0, 5, 0, 0, 0, 0, 0, 0, 0, 0, 0, 0, 5
"c:\Users\Vitalii\Projects\pc-hub\frontend\android\app\src\main\res\mipmap-anydpi-v26\ic_launcher_round.xml", "XML", 0, 0, 0, 0, 0, 0, 0, 5, 0, 0, 0, 0, 0, 0, 0, 0, 0, 0, 5
"c:\Users\Vitalii\Projects\pc-hub\frontend\android\app\src\main\res\values\ic_launcher_background.xml", "XML", 0, 0, 0, 0, 0, 0, 0, 4, 0, 0, 0, 0, 0, 0, 0, 0, 0, 0, 4
"c:\Users\Vitalii\Projects\pc-hub\frontend\android\app\src\main\res\values\strings.xml", "XML", 0, 0, 0, 0, 0, 0, 0, 7, 0, 0, 0, 0, 0, 0, 0, 0, 0, 1, 8
"c:\Users\Vitalii\Projects\pc-hub\frontend\android\app\src\main\res\values\styles.xml", "XML", 0, 0, 0, 0, 0, 0, 0, 16, 0, 0, 0, 0, 0, 0, 0, 0, 2, 4, 22
"c:\Users\Vitalii\Projects\pc-hub\frontend\android\app\src\main\res\xml\file_paths.xml", "XML", 0, 0, 0, 0, 0, 0, 0, 5, 0, 0, 0, 0, 0, 0, 0, 0, 0, 0, 5
"c:\Users\Vitalii\Projects\pc-hub\frontend\android\app\src\test\java\com\getcapacitor\myapp\ExampleUnitTest.java", "Java", 0, 0, 0, 0, 0, 0, 0, 0, 0, 0, 0, 0, 9, 0, 0, 0, 5, 5, 19
"c:\Users\Vitalii\Projects\pc-hub\frontend\android\build.gradle", "Groovy", 0, 0, 0, 0, 0, 0, 0, 0, 0, 0, 0, 20, 0, 0, 0, 0, 3, 7, 30
"c:\Users\Vitalii\Projects\pc-hub\frontend\android\capacitor.settings.gradle", "Groovy", 0, 0, 0, 0, 0, 0, 0, 0, 0, 0, 0, 4, 0, 0, 0, 0, 1, 2, 7
"c:\Users\Vitalii\Projects\pc-hub\frontend\android\gradle.properties", "Properties", 0, 0, 0, 0, 0, 0, 0, 0, 0, 0, 2, 0, 0, 0, 0, 0, 15, 6, 23
"c:\Users\Vitalii\Projects\pc-hub\frontend\android\gradle\wrapper\gradle-wrapper.properties", "Properties", 0, 0, 0, 0, 0, 0, 0, 0, 0, 0, 7, 0, 0, 0, 0, 0, 0, 1, 8
"c:\Users\Vitalii\Projects\pc-hub\frontend\android\gradlew.bat", "Batch", 0, 0, 0, 0, 0, 0, 0, 0, 0, 41, 0, 0, 0, 0, 0, 0, 30, 22, 93
"c:\Users\Vitalii\Projects\pc-hub\frontend\android\settings.gradle", "Groovy", 0, 0, 0, 0, 0, 0, 0, 0, 0, 0, 0, 4, 0, 0, 0, 0, 0, 1, 5
"c:\Users\Vitalii\Projects\pc-hub\frontend\android\variables.gradle", "Groovy", 0, 0, 0, 0, 0, 0, 0, 0, 0, 0, 0, 16, 0, 0, 0, 0, 0, 0, 16
"c:\Users\Vitalii\Projects\pc-hub\frontend\capacitor.config.ts", "TypeScript", 11, 0, 0, 0, 0, 0, 0, 0, 0, 0, 0, 0, 0, 0, 0, 0, 0, 3, 14
"c:\Users\Vitalii\Projects\pc-hub\frontend\eslint.config.js", "JavaScript", 0, 0, 0, 0, 0, 0, 0, 0, 27, 0, 0, 0, 0, 0, 0, 0, 0, 2, 29
"c:\Users\Vitalii\Projects\pc-hub\frontend\index.html", "HTML", 0, 0, 14, 0, 0, 0, 0, 0, 0, 0, 0, 0, 0, 0, 0, 0, 0, 1, 15
"c:\Users\Vitalii\Projects\pc-hub\frontend\package-lock.json", "JSON", 0, 4934, 0, 0, 0, 0, 0, 0, 0, 0, 0, 0, 0, 0, 0, 0, 0, 1, 4935
"c:\Users\Vitalii\Projects\pc-hub\frontend\package.json", "JSON", 0, 44, 0, 0, 0, 0, 0, 0, 0, 0, 0, 0, 0, 0, 0, 0, 0, 1, 45
"c:\Users\Vitalii\Projects\pc-hub\frontend\public\vite.svg", "XML", 0, 0, 0, 0, 0, 0, 0, 1, 0, 0, 0, 0, 0, 0, 0, 0, 0, 0, 1
"c:\Users\Vitalii\Projects\pc-hub\frontend\src\App.tsx", "TypeScript JSX", 0, 0, 0, 0, 0, 22, 0, 0, 0, 0, 0, 0, 0, 0, 0, 0, 0, 4, 26
"c:\Users\Vitalii\Projects\pc-hub\frontend\src\assets\icons\AdvantageAssembly.tsx", "TypeScript JSX", 0, 0, 0, 0, 0, 92, 0, 0, 0, 0, 0, 0, 0, 0, 0, 0, 0, 2, 94
"c:\Users\Vitalii\Projects\pc-hub\frontend\src\assets\icons\AdvantageConsultation.tsx", "TypeScript JSX", 0, 0, 0, 0, 0, 133, 0, 0, 0, 0, 0, 0, 0, 0, 0, 0, 0, 2, 135
"c:\Users\Vitalii\Projects\pc-hub\frontend\src\assets\icons\AdvantageDelivery.tsx", "TypeScript JSX", 0, 0, 0, 0, 0, 158, 0, 0, 0, 0, 0, 0, 0, 0, 0, 0, 0, 2, 160
"c:\Users\Vitalii\Projects\pc-hub\frontend\src\assets\icons\AdvantageExperience.tsx", "TypeScript JSX", 0, 0, 0, 0, 0, 63, 0, 0, 0, 0, 0, 0, 0, 0, 0, 0, 0, 2, 65
"c:\Users\Vitalii\Projects\pc-hub\frontend\src\assets\icons\AdvantageInstallment.tsx", "TypeScript JSX", 0, 0, 0, 0, 0, 77, 0, 0, 0, 0, 0, 0, 0, 0, 0, 0, 0, 2, 79
"c:\Users\Vitalii\Projects\pc-hub\frontend\src\assets\icons\AdvantagePrice.tsx", "TypeScript JSX", 0, 0, 0, 0, 0, 88, 0, 0, 0, 0, 0, 0, 0, 0, 0, 0, 0, 2, 90
"c:\Users\Vitalii\Projects\pc-hub\frontend\src\assets\icons\AdvantageWarranty.tsx", "TypeScript JSX", 0, 0, 0, 0, 0, 147, 0, 0, 0, 0, 0, 0, 0, 0, 0, 0, 0, 2, 149
"c:\Users\Vitalii\Projects\pc-hub\frontend\src\assets\icons\ArrowBold.tsx", "TypeScript JSX", 0, 0, 0, 0, 0, 25, 0, 0, 0, 0, 0, 0, 0, 0, 0, 0, 0, 3, 28
"c:\Users\Vitalii\Projects\pc-hub\frontend\src\assets\icons\ArrowCommon.tsx", "TypeScript JSX", 0, 0, 0, 0, 0, 34, 0, 0, 0, 0, 0, 0, 0, 0, 0, 0, 0, 3, 37
"c:\Users\Vitalii\Projects\pc-hub\frontend\src\assets\icons\ArrowThin.tsx", "TypeScript JSX", 0, 0, 0, 0, 0, 25, 0, 0, 0, 0, 0, 0, 0, 0, 0, 0, 0, 3, 28
"c:\Users\Vitalii\Projects\pc-hub\frontend\src\assets\icons\CartIcon.tsx", "TypeScript JSX", 0, 0, 0, 0, 0, 42, 0, 0, 0, 0, 0, 0, 0, 0, 0, 0, 0, 3, 45
"c:\Users\Vitalii\Projects\pc-hub\frontend\src\assets\icons\CatalogIcon.tsx", "TypeScript JSX", 0, 0, 0, 0, 0, 65, 0, 0, 0, 0, 0, 0, 0, 0, 0, 0, 0, 3, 68
"c:\Users\Vitalii\Projects\pc-hub\frontend\src\assets\icons\CheckMarkAvailability.tsx", "TypeScript JSX", 0, 0, 0, 0, 0, 29, 0, 0, 0, 0, 0, 0, 0, 0, 0, 0, 0, 3, 32
"c:\Users\Vitalii\Projects\pc-hub\frontend\src\assets\icons\CommentIcon.tsx", "TypeScript JSX", 0, 0, 0, 0, 0, 51, 0, 0, 0, 0, 0, 0, 0, 0, 0, 0, 0, 3, 54
"c:\Users\Vitalii\Projects\pc-hub\frontend\src\assets\icons\ComparisonIcon.tsx", "TypeScript JSX", 0, 0, 0, 0, 0, 56, 0, 0, 0, 0, 0, 0, 0, 0, 0, 0, 0, 3, 59
"c:\Users\Vitalii\Projects\pc-hub\frontend\src\assets\icons\Credit.tsx", "TypeScript JSX", 0, 0, 0, 0, 0, 33, 0, 0, 0, 0, 0, 0, 0, 0, 0, 0, 0, 3, 36
"c:\Users\Vitalii\Projects\pc-hub\frontend\src\assets\icons\DeliveryJustin.tsx", "TypeScript JSX", 0, 0, 0, 0, 0, 23, 0, 0, 0, 0, 0, 0, 0, 0, 0, 0, 0, 3, 26
"c:\Users\Vitalii\Projects\pc-hub\frontend\src\assets\icons\DeliveryLocal.tsx", "TypeScript JSX", 0, 0, 0, 0, 0, 23, 0, 0, 0, 0, 0, 0, 0, 0, 0, 0, 0, 3, 26
"c:\Users\Vitalii\Projects\pc-hub\frontend\src\assets\icons\DeliveryNovaposhta.tsx", "TypeScript JSX", 0, 0, 0, 0, 0, 44, 0, 0, 0, 0, 0, 0, 0, 0, 0, 0, 0, 3, 47
"c:\Users\Vitalii\Projects\pc-hub\frontend\src\assets\icons\DeliveryParcel.tsx", "TypeScript JSX", 0, 0, 0, 0, 0, 44, 0, 0, 0, 0, 0, 0, 0, 0, 0, 0, 0, 3, 47
"c:\Users\Vitalii\Projects\pc-hub\frontend\src\assets\icons\DeliveryUkrposhta.tsx", "TypeScript JSX", 0, 0, 0, 0, 0, 23, 0, 0, 0, 0, 0, 0, 0, 0, 0, 0, 0, 3, 26
"c:\Users\Vitalii\Projects\pc-hub\frontend\src\assets\icons\Exchange.tsx", "TypeScript JSX", 0, 0, 0, 0, 0, 63, 0, 0, 0, 0, 0, 0, 0, 0, 0, 0, 0, 3, 66
"c:\Users\Vitalii\Projects\pc-hub\frontend\src\assets\icons\EyeIcon.tsx", "TypeScript JSX", 0, 0, 0, 0, 0, 35, 0, 0, 0, 0, 0, 0, 0, 0, 0, 0, 0, 3, 38
"c:\Users\Vitalii\Projects\pc-hub\frontend\src\assets\icons\FacebookIcon.tsx", "TypeScript JSX", 0, 0, 0, 0, 0, 23, 0, 0, 0, 0, 0, 0, 0, 0, 0, 0, 0, 3, 26
"c:\Users\Vitalii\Projects\pc-hub\frontend\src\assets\icons\GoogleIcon.tsx", "TypeScript JSX", 0, 0, 0, 0, 0, 53, 0, 0, 0, 0, 0, 0, 0, 0, 0, 0, 0, 3, 56
"c:\Users\Vitalii\Projects\pc-hub\frontend\src\assets\icons\GridViewIcon.tsx", "TypeScript JSX", 0, 0, 0, 0, 0, 123, 0, 0, 0, 0, 0, 0, 0, 0, 0, 0, 0, 2, 125
"c:\Users\Vitalii\Projects\pc-hub\frontend\src\assets\icons\Guarantee.tsx", "TypeScript JSX", 0, 0, 0, 0, 0, 42, 0, 0, 0, 0, 0, 0, 0, 0, 0, 0, 0, 3, 45
"c:\Users\Vitalii\Projects\pc-hub\frontend\src\assets\icons\ISVGIconProps.ts", "TypeScript", 11, 0, 0, 0, 0, 0, 0, 0, 0, 0, 0, 0, 0, 0, 0, 0, 0, 2, 13
"c:\Users\Vitalii\Projects\pc-hub\frontend\src\assets\icons\InstagramIcon.tsx", "TypeScript JSX", 0, 0, 0, 0, 0, 23, 0, 0, 0, 0, 0, 0, 0, 0, 0, 0, 0, 3, 26
"c:\Users\Vitalii\Projects\pc-hub\frontend\src\assets\icons\LikeFingerIcon.tsx", "TypeScript JSX", 0, 0, 0, 0, 0, 24, 0, 0, 0, 0, 0, 0, 0, 0, 0, 0, 0, 3, 27
"c:\Users\Vitalii\Projects\pc-hub\frontend\src\assets\icons\LikeIcon.tsx", "TypeScript JSX", 0, 0, 0, 0, 0, 24, 0, 0, 0, 0, 0, 0, 0, 0, 0, 0, 0, 3, 27
"c:\Users\Vitalii\Projects\pc-hub\frontend\src\assets\icons\LinkedIn.tsx", "TypeScript JSX", 0, 0, 0, 0, 0, 23, 0, 0, 0, 0, 0, 0, 0, 0, 0, 0, 0, 3, 26
"c:\Users\Vitalii\Projects\pc-hub\frontend\src\assets\icons\LogoIcon.tsx", "TypeScript JSX", 0, 0, 0, 0, 0, 54, 0, 0, 0, 0, 0, 0, 0, 0, 0, 0, 0, 3, 57
"c:\Users\Vitalii\Projects\pc-hub\frontend\src\assets\icons\MastercardIcon.tsx", "TypeScript JSX", 0, 0, 0, 0, 0, 44, 0, 0, 0, 0, 0, 0, 0, 0, 0, 0, 0, 3, 47
"c:\Users\Vitalii\Projects\pc-hub\frontend\src\assets\icons\MonobankIcon.tsx", "TypeScript JSX", 0, 0, 0, 0, 0, 25, 0, 0, 0, 0, 0, 0, 0, 0, 0, 0, 0, 3, 28
"c:\Users\Vitalii\Projects\pc-hub\frontend\src\assets\icons\OschadbankIcon.tsx", "TypeScript JSX", 0, 0, 0, 0, 0, 151, 0, 0, 0, 0, 0, 0, 0, 0, 0, 0, 0, 3, 154
"c:\Users\Vitalii\Projects\pc-hub\frontend\src\assets\icons\PaginatorArrow.tsx", "TypeScript JSX", 0, 0, 0, 0, 0, 34, 0, 0, 0, 0, 0, 0, 0, 0, 0, 0, 0, 3, 37
"c:\Users\Vitalii\Projects\pc-hub\frontend\src\assets\icons\PaginatorArrowStraight.tsx", "TypeScript JSX", 0, 0, 0, 0, 0, 39, 0, 0, 0, 0, 0, 0, 0, 0, 0, 0, 0, 3, 42
"c:\Users\Vitalii\Projects\pc-hub\frontend\src\assets\icons\PaymentCash.tsx", "TypeScript JSX", 0, 0, 0, 0, 0, 81, 0, 0, 0, 0, 0, 0, 0, 0, 0, 0, 0, 3, 84
"c:\Users\Vitalii\Projects\pc-hub\frontend\src\assets\icons\PhoneIcon.tsx", "TypeScript JSX", 0, 0, 0, 0, 0, 26, 0, 0, 0, 0, 0, 0, 0, 0, 0, 0, 0, 3, 29
"c:\Users\Vitalii\Projects\pc-hub\frontend\src\assets\icons\PrivateBankIcon.tsx", "TypeScript JSX", 0, 0, 0, 0, 0, 30, 0, 0, 0, 0, 0, 0, 0, 0, 0, 0, 0, 3, 33
"c:\Users\Vitalii\Projects\pc-hub\frontend\src\assets\icons\ProfileIcon.tsx", "TypeScript JSX", 0, 0, 0, 0, 0, 35, 0, 0, 0, 0, 0, 0, 0, 0, 0, 0, 0, 3, 38
"c:\Users\Vitalii\Projects\pc-hub\frontend\src\assets\icons\RowViewIcon.tsx", "TypeScript JSX", 0, 0, 0, 0, 0, 84, 0, 0, 0, 0, 0, 0, 0, 0, 0, 0, 0, 2, 86
"c:\Users\Vitalii\Projects\pc-hub\frontend\src\assets\icons\SearchIcon.tsx", "TypeScript JSX", 0, 0, 0, 0, 0, 30, 0, 0, 0, 0, 0, 0, 0, 0, 0, 0, 0, 3, 33
"c:\Users\Vitalii\Projects\pc-hub\frontend\src\assets\icons\SendIcon.tsx", "TypeScript JSX", 0, 0, 0, 0, 0, 35, 0, 0, 0, 0, 0, 0, 0, 0, 0, 0, 0, 3, 38
"c:\Users\Vitalii\Projects\pc-hub\frontend\src\assets\icons\StarIcon.tsx", "TypeScript JSX", 0, 0, 0, 0, 0, 32, 0, 0, 0, 0, 0, 0, 0, 0, 0, 0, 0, 2, 34
"c:\Users\Vitalii\Projects\pc-hub\frontend\src\assets\icons\TelegramIcon.tsx", "TypeScript JSX", 0, 0, 0, 0, 0, 24, 0, 0, 0, 0, 0, 0, 0, 0, 0, 0, 0, 3, 27
"c:\Users\Vitalii\Projects\pc-hub\frontend\src\assets\icons\Test.tsx", "TypeScript JSX", 0, 0, 0, 0, 0, 94, 0, 0, 0, 0, 0, 0, 0, 0, 0, 0, 0, 2, 96
"c:\Users\Vitalii\Projects\pc-hub\frontend\src\assets\icons\Time.tsx", "TypeScript JSX", 0, 0, 0, 0, 0, 40, 0, 0, 0, 0, 0, 0, 0, 0, 0, 0, 0, 3, 43
"c:\Users\Vitalii\Projects\pc-hub\frontend\src\assets\icons\ViberIcon.tsx", "TypeScript JSX", 0, 0, 0, 0, 0, 56, 0, 0, 0, 0, 0, 0, 0, 0, 0, 0, 0, 3, 59
"c:\Users\Vitalii\Projects\pc-hub\frontend\src\assets\icons\VisaIcon.tsx", "TypeScript JSX", 0, 0, 0, 0, 0, 23, 0, 0, 0, 0, 0, 0, 0, 0, 0, 0, 0, 3, 26
"c:\Users\Vitalii\Projects\pc-hub\frontend\src\assets\icons\YouTubeIcon.tsx", "TypeScript JSX", 0, 0, 0, 0, 0, 24, 0, 0, 0, 0, 0, 0, 0, 0, 0, 0, 0, 3, 27
"c:\Users\Vitalii\Projects\pc-hub\frontend\src\assets\icons\index.ts", "TypeScript", 50, 0, 0, 0, 0, 0, 0, 0, 0, 0, 0, 0, 0, 0, 0, 0, 0, 1, 51
"c:\Users\Vitalii\Projects\pc-hub\frontend\src\components\Footer\Footer.module.css", "CSS", 0, 0, 0, 0, 86, 0, 0, 0, 0, 0, 0, 0, 0, 0, 0, 0, 0, 17, 103
"c:\Users\Vitalii\Projects\pc-hub\frontend\src\components\Footer\Footer.tsx", "TypeScript JSX", 0, 0, 0, 0, 0, 116, 0, 0, 0, 0, 0, 0, 0, 0, 0, 0, 0, 3, 119
"c:\Users\Vitalii\Projects\pc-hub\frontend\src\components\Footer\RightsBlock\RightsBlock.module.css", "CSS", 0, 0, 0, 0, 46, 0, 0, 0, 0, 0, 0, 0, 0, 0, 0, 0, 0, 9, 55
"c:\Users\Vitalii\Projects\pc-hub\frontend\src\components\Footer\RightsBlock\RightsBlock.tsx", "TypeScript JSX", 0, 0, 0, 0, 0, 20, 0, 0, 0, 0, 0, 0, 0, 0, 0, 0, 0, 3, 23
"c:\Users\Vitalii\Projects\pc-hub\frontend\src\components\Footer\RightsBlock\index.ts", "TypeScript", 1, 0, 0, 0, 0, 0, 0, 0, 0, 0, 0, 0, 0, 0, 0, 0, 0, 1, 2
"c:\Users\Vitalii\Projects\pc-hub\frontend\src\components\Footer\SocialBlock\SocialBlock.module.css", "CSS", 0, 0, 0, 0, 124, 0, 0, 0, 0, 0, 0, 0, 0, 0, 0, 0, 0, 26, 150
"c:\Users\Vitalii\Projects\pc-hub\frontend\src\components\Footer\SocialBlock\SocialBlock.tsx", "TypeScript JSX", 0, 0, 0, 0, 0, 59, 0, 0, 0, 0, 0, 0, 0, 0, 0, 0, 0, 4, 63
"c:\Users\Vitalii\Projects\pc-hub\frontend\src\components\Footer\SocialBlock\index.ts", "TypeScript", 1, 0, 0, 0, 0, 0, 0, 0, 0, 0, 0, 0, 0, 0, 0, 0, 0, 1, 2
"c:\Users\Vitalii\Projects\pc-hub\frontend\src\components\Footer\index.ts", "TypeScript", 1, 0, 0, 0, 0, 0, 0, 0, 0, 0, 0, 0, 0, 0, 0, 0, 0, 1, 2
"c:\Users\Vitalii\Projects\pc-hub\frontend\src\components\Header\Header.module.css", "CSS", 0, 0, 0, 0, 7, 0, 0, 0, 0, 0, 0, 0, 0, 0, 0, 0, 0, 1, 8
"c:\Users\Vitalii\Projects\pc-hub\frontend\src\components\Header\Header.tsx", "TypeScript JSX", 0, 0, 0, 0, 0, 12, 0, 0, 0, 0, 0, 0, 0, 0, 0, 0, 0, 3, 15
"c:\Users\Vitalii\Projects\pc-hub\frontend\src\components\Header\Navigation\BurgerMenu\BurgerMenu.module.css", "CSS", 0, 0, 0, 0, 41, 0, 0, 0, 0, 0, 0, 0, 0, 0, 0, 0, 0, 7, 48
"c:\Users\Vitalii\Projects\pc-hub\frontend\src\components\Header\Navigation\BurgerMenu\BurgerMenu.tsx", "TypeScript JSX", 0, 0, 0, 0, 0, 27, 0, 0, 0, 0, 0, 0, 0, 0, 0, 0, 0, 4, 31
"c:\Users\Vitalii\Projects\pc-hub\frontend\src\components\Header\Navigation\BurgerMenu\index.ts", "TypeScript", 1, 0, 0, 0, 0, 0, 0, 0, 0, 0, 0, 0, 0, 0, 0, 0, 0, 1, 2
"c:\Users\Vitalii\Projects\pc-hub\frontend\src\components\Header\Navigation\Navigation.module.css", "CSS", 0, 0, 0, 0, 59, 0, 0, 0, 0, 0, 0, 0, 0, 0, 0, 0, 0, 11, 70
"c:\Users\Vitalii\Projects\pc-hub\frontend\src\components\Header\Navigation\Navigation.tsx", "TypeScript JSX", 0, 0, 0, 0, 0, 55, 0, 0, 0, 0, 0, 0, 0, 0, 0, 0, 0, 5, 60
"c:\Users\Vitalii\Projects\pc-hub\frontend\src\components\Header\Navigation\NavigationLink\Navigation.module.css", "CSS", 0, 0, 0, 0, 30, 0, 0, 0, 0, 0, 0, 0, 0, 0, 0, 0, 0, 5, 35
"c:\Users\Vitalii\Projects\pc-hub\frontend\src\components\Header\Navigation\NavigationLink\NavigationLink.tsx", "TypeScript JSX", 0, 0, 0, 0, 0, 13, 0, 0, 0, 0, 0, 0, 0, 0, 0, 0, 0, 4, 17
"c:\Users\Vitalii\Projects\pc-hub\frontend\src\components\Header\Navigation\NavigationLink\index.tsx", "TypeScript JSX", 0, 0, 0, 0, 0, 1, 0, 0, 0, 0, 0, 0, 0, 0, 0, 0, 0, 1, 2
"c:\Users\Vitalii\Projects\pc-hub\frontend\src\components\Header\Navigation\index.ts", "TypeScript", 1, 0, 0, 0, 0, 0, 0, 0, 0, 0, 0, 0, 0, 0, 0, 0, 0, 1, 2
"c:\Users\Vitalii\Projects\pc-hub\frontend\src\components\Header\Utility\Contacts\Contacts.module.css", "CSS", 0, 0, 0, 0, 31, 0, 0, 0, 0, 0, 0, 0, 0, 0, 0, 0, 0, 6, 37
"c:\Users\Vitalii\Projects\pc-hub\frontend\src\components\Header\Utility\Contacts\Contacts.tsx", "TypeScript JSX", 0, 0, 0, 0, 0, 20, 0, 0, 0, 0, 0, 0, 0, 0, 0, 0, 0, 4, 24
"c:\Users\Vitalii\Projects\pc-hub\frontend\src\components\Header\Utility\Contacts\index.ts", "TypeScript", 1, 0, 0, 0, 0, 0, 0, 0, 0, 0, 0, 0, 0, 0, 0, 0, 0, 1, 2
"c:\Users\Vitalii\Projects\pc-hub\frontend\src\components\Header\Utility\Navigation\Navigation.module.css", "CSS", 0, 0, 0, 0, 68, 0, 0, 0, 0, 0, 0, 0, 0, 0, 0, 0, 0, 9, 77
"c:\Users\Vitalii\Projects\pc-hub\frontend\src\components\Header\Utility\Navigation\Navigation.tsx", "TypeScript JSX", 0, 0, 0, 0, 0, 22, 0, 0, 0, 0, 0, 0, 0, 0, 0, 0, 0, 4, 26
"c:\Users\Vitalii\Projects\pc-hub\frontend\src\components\Header\Utility\Navigation\index.ts", "TypeScript", 1, 0, 0, 0, 0, 0, 0, 0, 0, 0, 0, 0, 0, 0, 0, 0, 0, 1, 2
"c:\Users\Vitalii\Projects\pc-hub\frontend\src\components\Header\Utility\Utility.module.css", "CSS", 0, 0, 0, 0, 140, 0, 0, 0, 0, 0, 0, 0, 0, 0, 0, 0, 0, 31, 171
"c:\Users\Vitalii\Projects\pc-hub\frontend\src\components\Header\Utility\Utility.tsx", "TypeScript JSX", 0, 0, 0, 0, 0, 84, 0, 0, 0, 0, 0, 0, 0, 0, 0, 0, 0, 9, 93
"c:\Users\Vitalii\Projects\pc-hub\frontend\src\components\Header\Utility\index.ts", "TypeScript", 1, 0, 0, 0, 0, 0, 0, 0, 0, 0, 0, 0, 0, 0, 0, 0, 0, 1, 2
"c:\Users\Vitalii\Projects\pc-hub\frontend\src\components\Header\index.ts", "TypeScript", 1, 0, 0, 0, 0, 0, 0, 0, 0, 0, 0, 0, 0, 0, 0, 0, 0, 1, 2
"c:\Users\Vitalii\Projects\pc-hub\frontend\src\components\Main\Main.module.css", "CSS", 0, 0, 0, 0, 0, 0, 0, 0, 0, 0, 0, 0, 0, 0, 0, 0, 0, 1, 1
"c:\Users\Vitalii\Projects\pc-hub\frontend\src\components\Main\Main.tsx", "TypeScript JSX", 0, 0, 0, 0, 0, 16, 0, 0, 0, 0, 0, 0, 0, 0, 0, 0, 0, 3, 19
"c:\Users\Vitalii\Projects\pc-hub\frontend\src\components\Main\index.ts", "TypeScript", 1, 0, 0, 0, 0, 0, 0, 0, 0, 0, 0, 0, 0, 0, 0, 0, 0, 1, 2
"c:\Users\Vitalii\Projects\pc-hub\frontend\src\components\Modals\MBurgerMenu\Accordions\Accordions.module.css", "CSS", 0, 0, 0, 0, 37, 0, 0, 0, 0, 0, 0, 0, 0, 0, 0, 0, 0, 6, 43
"c:\Users\Vitalii\Projects\pc-hub\frontend\src\components\Modals\MBurgerMenu\Accordions\Accordions.tsx", "TypeScript JSX", 0, 0, 0, 0, 0, 103, 0, 0, 0, 0, 0, 0, 0, 0, 0, 0, 0, 8, 111
"c:\Users\Vitalii\Projects\pc-hub\frontend\src\components\Modals\MBurgerMenu\Contacts\Contacts.module.css", "CSS", 0, 0, 0, 0, 31, 0, 0, 0, 0, 0, 0, 0, 0, 0, 0, 0, 0, 5, 36
"c:\Users\Vitalii\Projects\pc-hub\frontend\src\components\Modals\MBurgerMenu\Contacts\Contacts.tsx", "TypeScript JSX", 0, 0, 0, 0, 0, 39, 0, 0, 0, 0, 0, 0, 0, 0, 0, 0, 0, 5, 44
"c:\Users\Vitalii\Projects\pc-hub\frontend\src\components\Modals\MBurgerMenu\MBurgerMenu.module.css", "CSS", 0, 0, 0, 0, 85, 0, 0, 0, 0, 0, 0, 0, 0, 0, 0, 0, 0, 19, 104
"c:\Users\Vitalii\Projects\pc-hub\frontend\src\components\Modals\MBurgerMenu\MBurgerMenu.tsx", "TypeScript JSX", 0, 0, 0, 0, 0, 71, 0, 0, 0, 0, 0, 0, 0, 0, 0, 0, 0, 5, 76
"c:\Users\Vitalii\Projects\pc-hub\frontend\src\components\Modals\MBurgerMenu\Register\Register.module.css", "CSS", 0, 0, 0, 0, 106, 0, 0, 0, 0, 0, 0, 0, 0, 0, 0, 0, 0, 16, 122
"c:\Users\Vitalii\Projects\pc-hub\frontend\src\components\Modals\MBurgerMenu\Register\Register.tsx", "TypeScript JSX", 0, 0, 0, 0, 0, 129, 0, 0, 0, 0, 0, 0, 0, 0, 0, 0, 0, 13, 142
"c:\Users\Vitalii\Projects\pc-hub\frontend\src\components\Modals\MBurgerMenu\Social\Social.module.css", "CSS", 0, 0, 0, 0, 62, 0, 0, 0, 0, 0, 0, 0, 0, 0, 0, 0, 0, 12, 74
"c:\Users\Vitalii\Projects\pc-hub\frontend\src\components\Modals\MBurgerMenu\Social\Social.tsx", "TypeScript JSX", 0, 0, 0, 0, 0, 43, 0, 0, 0, 0, 0, 0, 0, 0, 0, 0, 0, 5, 48
"c:\Users\Vitalii\Projects\pc-hub\frontend\src\components\Modals\MProductImagesList\MProductImagesList.module.css", "CSS", 0, 0, 0, 0, 144, 0, 0, 0, 0, 0, 0, 0, 0, 0, 0, 0, 0, 26, 170
"c:\Users\Vitalii\Projects\pc-hub\frontend\src\components\Modals\MProductImagesList\MProductImagesList.tsx", "TypeScript JSX", 0, 0, 0, 0, 0, 98, 0, 0, 0, 0, 0, 0, 0, 0, 0, 0, 0, 4, 102
"c:\Users\Vitalii\Projects\pc-hub\frontend\src\components\Modals\MRegisterForm\MRegisterForm.tsx", "TypeScript JSX", 0, 0, 0, 0, 0, 192, 0, 0, 0, 0, 0, 0, 0, 0, 0, 0, 0, 14, 206
"c:\Users\Vitalii\Projects\pc-hub\frontend\src\components\Modals\MRegisterForm\MRegisterFrom.module.css", "CSS", 0, 0, 0, 0, 163, 0, 0, 0, 0, 0, 0, 0, 0, 0, 0, 0, 0, 28, 191
"c:\Users\Vitalii\Projects\pc-hub\frontend\src\components\Modals\MSignInFrom\MSignInFrom.module.css", "CSS", 0, 0, 0, 0, 161, 0, 0, 0, 0, 0, 0, 0, 0, 0, 0, 0, 0, 27, 188
"c:\Users\Vitalii\Projects\pc-hub\frontend\src\components\Modals\MSignInFrom\MSignInFrom.tsx", "TypeScript JSX", 0, 0, 0, 0, 0, 152, 0, 0, 0, 0, 0, 0, 0, 0, 0, 0, 0, 10, 162
"c:\Users\Vitalii\Projects\pc-hub\frontend\src\components\Modals\index.ts", "TypeScript", 4, 0, 0, 0, 0, 0, 0, 0, 0, 0, 0, 0, 0, 0, 0, 0, 0, 1, 5
"c:\Users\Vitalii\Projects\pc-hub\frontend\src\components\UI\UIBreadcrumbs\UIBreadcrumbs.module.css", "CSS", 0, 0, 0, 0, 30, 0, 0, 0, 0, 0, 0, 0, 0, 0, 0, 0, 0, 6, 36
"c:\Users\Vitalii\Projects\pc-hub\frontend\src\components\UI\UIBreadcrumbs\UIBreadcrumbs.tsx", "TypeScript JSX", 0, 0, 0, 0, 0, 27, 0, 0, 0, 0, 0, 0, 0, 0, 0, 0, 0, 5, 32
"c:\Users\Vitalii\Projects\pc-hub\frontend\src\components\UI\UIButton\UIButton.module.css", "CSS", 0, 0, 0, 0, 93, 0, 0, 0, 0, 0, 0, 0, 0, 0, 0, 0, 19, 19, 131
"c:\Users\Vitalii\Projects\pc-hub\frontend\src\components\UI\UIButton\UIButton.tsx", "TypeScript JSX", 0, 0, 0, 0, 0, 42, 0, 0, 0, 0, 0, 0, 0, 0, 0, 0, 0, 4, 46
"c:\Users\Vitalii\Projects\pc-hub\frontend\src\components\UI\UIChangeLanguage\UIChangeLanguage.module.css", "CSS", 0, 0, 0, 0, 19, 0, 0, 0, 0, 0, 0, 0, 0, 0, 0, 0, 0, 5, 24
"c:\Users\Vitalii\Projects\pc-hub\frontend\src\components\UI\UIChangeLanguage\UIChangeLanguage.tsx", "TypeScript JSX", 0, 0, 0, 0, 0, 40, 0, 0, 0, 0, 0, 0, 0, 0, 0, 0, 0, 4, 44
"c:\Users\Vitalii\Projects\pc-hub\frontend\src\components\UI\UICross\UICross.module.css", "CSS", 0, 0, 0, 0, 28, 0, 0, 0, 0, 0, 0, 0, 0, 0, 0, 0, 0, 5, 33
"c:\Users\Vitalii\Projects\pc-hub\frontend\src\components\UI\UICross\UICross.tsx", "TypeScript JSX", 0, 0, 0, 0, 0, 12, 0, 0, 0, 0, 0, 0, 0, 0, 0, 0, 0, 4, 16
"c:\Users\Vitalii\Projects\pc-hub\frontend\src\components\UI\UIInputField\UIInputField.module.css", "CSS", 0, 0, 0, 0, 41, 0, 0, 0, 0, 0, 0, 0, 0, 0, 0, 0, 0, 9, 50
"c:\Users\Vitalii\Projects\pc-hub\frontend\src\components\UI\UIInputField\UIInputField.tsx", "TypeScript JSX", 0, 0, 0, 0, 0, 48, 0, 0, 0, 0, 0, 0, 0, 0, 0, 0, 0, 4, 52
"c:\Users\Vitalii\Projects\pc-hub\frontend\src\components\UI\UIModalBody\UIModalBody.module.css", "CSS", 0, 0, 0, 0, 16, 0, 0, 0, 0, 0, 0, 0, 0, 0, 0, 0, 0, 2, 18
"c:\Users\Vitalii\Projects\pc-hub\frontend\src\components\UI\UIModalBody\UIModalBody.tsx", "TypeScript JSX", 0, 0, 0, 0, 0, 33, 0, 0, 0, 0, 0, 0, 0, 0, 0, 0, 0, 4, 37
"c:\Users\Vitalii\Projects\pc-hub\frontend\src\components\UI\UIPaginator\UIPaginator.module.css", "CSS", 0, 0, 0, 0, 51, 0, 0, 0, 0, 0, 0, 0, 0, 0, 0, 0, 7, 11, 69
"c:\Users\Vitalii\Projects\pc-hub\frontend\src\components\UI\UIPaginator\UIPaginator.tsx", "TypeScript JSX", 0, 0, 0, 0, 0, 112, 0, 0, 0, 0, 0, 0, 0, 0, 0, 0, 0, 14, 126
"c:\Users\Vitalii\Projects\pc-hub\frontend\src\components\UI\UIProductCard\GridCard\GridCard.module.css", "CSS", 0, 0, 0, 0, 239, 0, 0, 0, 0, 0, 0, 0, 0, 0, 0, 0, 2, 41, 282
"c:\Users\Vitalii\Projects\pc-hub\frontend\src\components\UI\UIProductCard\GridCard\GridCard.tsx", "TypeScript JSX", 0, 0, 0, 0, 0, 82, 0, 0, 0, 0, 0, 0, 0, 0, 0, 0, 0, 2, 84
"c:\Users\Vitalii\Projects\pc-hub\frontend\src\components\UI\UIProductCard\RowCard\RowCard.module.css", "CSS", 0, 0, 0, 0, 149, 0, 0, 0, 0, 0, 0, 0, 0, 0, 0, 0, 0, 26, 175
"c:\Users\Vitalii\Projects\pc-hub\frontend\src\components\UI\UIProductCard\RowCard\RowCard.tsx", "TypeScript JSX", 0, 0, 0, 0, 0, 84, 0, 0, 0, 0, 0, 0, 0, 0, 0, 0, 0, 3, 87
"c:\Users\Vitalii\Projects\pc-hub\frontend\src\components\UI\UIProductCard\UIProductCard.module.css", "CSS", 0, 0, 0, 0, 82, 0, 0, 0, 0, 0, 0, 0, 0, 0, 0, 0, 0, 14, 96
"c:\Users\Vitalii\Projects\pc-hub\frontend\src\components\UI\UIProductCard\UIProductCard.tsx", "TypeScript JSX", 0, 0, 0, 0, 0, 88, 0, 0, 0, 0, 0, 0, 0, 0, 0, 0, 0, 6, 94
"c:\Users\Vitalii\Projects\pc-hub\frontend\src\components\UI\UIProductList\UIProductList.module.css", "CSS", 0, 0, 0, 0, 67, 0, 0, 0, 0, 0, 0, 0, 0, 0, 0, 0, 0, 9, 76
"c:\Users\Vitalii\Projects\pc-hub\frontend\src\components\UI\UIProductList\UIProductList.tsx", "TypeScript JSX", 0, 0, 0, 0, 0, 37, 0, 0, 0, 0, 0, 0, 0, 0, 0, 0, 0, 4, 41
"c:\Users\Vitalii\Projects\pc-hub\frontend\src\components\UI\UIProductNavigation\UIProductNavigation.module.css", "CSS", 0, 0, 0, 0, 47, 0, 0, 0, 0, 0, 0, 0, 0, 0, 0, 0, 2, 12, 61
"c:\Users\Vitalii\Projects\pc-hub\frontend\src\components\UI\UIProductNavigation\UIProductNavigation.tsx", "TypeScript JSX", 0, 0, 0, 0, 0, 44, 0, 0, 0, 0, 0, 0, 0, 0, 0, 0, 0, 4, 48
"c:\Users\Vitalii\Projects\pc-hub\frontend\src\components\UI\UIRatingStars\UIRatingStars.module.css", "CSS", 0, 0, 0, 0, 14, 0, 0, 0, 0, 0, 0, 0, 0, 0, 0, 0, 0, 3, 17
"c:\Users\Vitalii\Projects\pc-hub\frontend\src\components\UI\UIRatingStars\UIRatingStars.tsx", "TypeScript JSX", 0, 0, 0, 0, 0, 25, 0, 0, 0, 0, 0, 0, 0, 0, 0, 0, 0, 4, 29
"c:\Users\Vitalii\Projects\pc-hub\frontend\src\components\UI\index.ts", "TypeScript", 11, 0, 0, 0, 0, 0, 0, 0, 0, 0, 0, 0, 0, 0, 0, 0, 0, 1, 12
"c:\Users\Vitalii\Projects\pc-hub\frontend\src\components\index.ts", "TypeScript", 3, 0, 0, 0, 0, 0, 0, 0, 0, 0, 0, 0, 0, 0, 0, 0, 0, 1, 4
"c:\Users\Vitalii\Projects\pc-hub\frontend\src\hooks\index.ts", "TypeScript", 1, 0, 0, 0, 0, 0, 0, 0, 0, 0, 0, 0, 0, 0, 0, 0, 0, 1, 2
"c:\Users\Vitalii\Projects\pc-hub\frontend\src\hooks\useAuth.ts", "TypeScript", 8, 0, 0, 0, 0, 0, 0, 0, 0, 0, 0, 0, 0, 0, 0, 0, 0, 3, 11
"c:\Users\Vitalii\Projects\pc-hub\frontend\src\locales\en\catalog.json", "JSON", 0, 5, 0, 0, 0, 0, 0, 0, 0, 0, 0, 0, 0, 0, 0, 0, 0, 1, 6
"c:\Users\Vitalii\Projects\pc-hub\frontend\src\locales\en\components.json", "JSON", 0, 68, 0, 0, 0, 0, 0, 0, 0, 0, 0, 0, 0, 0, 0, 0, 0, 1, 69
"c:\Users\Vitalii\Projects\pc-hub\frontend\src\locales\en\home.json", "JSON", 0, 46, 0, 0, 0, 0, 0, 0, 0, 0, 0, 0, 0, 0, 0, 0, 0, 1, 47
"c:\Users\Vitalii\Projects\pc-hub\frontend\src\locales\en\modals.json", "JSON", 0, 46, 0, 0, 0, 0, 0, 0, 0, 0, 0, 0, 0, 0, 0, 0, 0, 1, 47
"c:\Users\Vitalii\Projects\pc-hub\frontend\src\locales\en\product.json", "JSON", 0, 82, 0, 0, 0, 0, 0, 0, 0, 0, 0, 0, 0, 0, 0, 0, 0, 1, 83
"c:\Users\Vitalii\Projects\pc-hub\frontend\src\locales\i18n.ts", "TypeScript", 44, 0, 0, 0, 0, 0, 0, 0, 0, 0, 0, 0, 0, 0, 0, 0, 0, 3, 47
"c:\Users\Vitalii\Projects\pc-hub\frontend\src\locales\uk\catalog.json", "JSON", 0, 5, 0, 0, 0, 0, 0, 0, 0, 0, 0, 0, 0, 0, 0, 0, 0, 1, 6
"c:\Users\Vitalii\Projects\pc-hub\frontend\src\locales\uk\components.json", "JSON", 0, 68, 0, 0, 0, 0, 0, 0, 0, 0, 0, 0, 0, 0, 0, 0, 0, 1, 69
"c:\Users\Vitalii\Projects\pc-hub\frontend\src\locales\uk\home.json", "JSON", 0, 46, 0, 0, 0, 0, 0, 0, 0, 0, 0, 0, 0, 0, 0, 0, 0, 1, 47
"c:\Users\Vitalii\Projects\pc-hub\frontend\src\locales\uk\modals.json", "JSON", 0, 46, 0, 0, 0, 0, 0, 0, 0, 0, 0, 0, 0, 0, 0, 0, 0, 1, 47
"c:\Users\Vitalii\Projects\pc-hub\frontend\src\locales\uk\product.json", "JSON", 0, 82, 0, 0, 0, 0, 0, 0, 0, 0, 0, 0, 0, 0, 0, 0, 0, 1, 83
"c:\Users\Vitalii\Projects\pc-hub\frontend\src\main.tsx", "TypeScript JSX", 0, 0, 0, 0, 0, 17, 0, 0, 0, 0, 0, 0, 0, 0, 0, 0, 0, 2, 19
"c:\Users\Vitalii\Projects\pc-hub\frontend\src\pages\Catalog\Catalog.module.css", "CSS", 0, 0, 0, 0, 69, 0, 0, 0, 0, 0, 0, 0, 0, 0, 0, 0, 0, 12, 81
"c:\Users\Vitalii\Projects\pc-hub\frontend\src\pages\Catalog\Catalog.tsx", "TypeScript JSX", 0, 0, 0, 0, 0, 62, 0, 0, 0, 0, 0, 0, 0, 0, 0, 0, 0, 7, 69
"c:\Users\Vitalii\Projects\pc-hub\frontend\src\pages\Catalog\Category\Category.module.css", "CSS", 0, 0, 0, 0, 105, 0, 0, 0, 0, 0, 0, 0, 0, 0, 0, 0, 0, 16, 121
"c:\Users\Vitalii\Projects\pc-hub\frontend\src\pages\Catalog\Category\Category.tsx", "TypeScript JSX", 0, 0, 0, 0, 0, 31, 0, 0, 0, 0, 0, 0, 0, 0, 0, 0, 0, 4, 35
"c:\Users\Vitalii\Projects\pc-hub\frontend\src\pages\Catalog\index.ts", "TypeScript", 1, 0, 0, 0, 0, 0, 0, 0, 0, 0, 0, 0, 0, 0, 0, 0, 0, 1, 2
"c:\Users\Vitalii\Projects\pc-hub\frontend\src\pages\Home\AboutUs\AboutUs.module.css", "CSS", 0, 0, 0, 0, 43, 0, 0, 0, 0, 0, 0, 0, 0, 0, 0, 0, 0, 7, 50
"c:\Users\Vitalii\Projects\pc-hub\frontend\src\pages\Home\AboutUs\AboutUs.tsx", "TypeScript JSX", 0, 0, 0, 0, 0, 38, 0, 0, 0, 0, 0, 0, 0, 0, 0, 0, 0, 4, 42
"c:\Users\Vitalii\Projects\pc-hub\frontend\src\pages\Home\AboutUs\index.ts", "TypeScript", 0, 0, 0, 0, 0, 0, 0, 0, 0, 0, 0, 0, 0, 0, 0, 0, 0, 1, 1
"c:\Users\Vitalii\Projects\pc-hub\frontend\src\pages\Home\GameZone\GameZone.module.css", "CSS", 0, 0, 0, 0, 205, 0, 0, 0, 0, 0, 0, 0, 0, 0, 0, 0, 0, 38, 243
"c:\Users\Vitalii\Projects\pc-hub\frontend\src\pages\Home\GameZone\GameZone.tsx", "TypeScript JSX", 0, 0, 0, 0, 0, 143, 0, 0, 0, 0, 0, 0, 0, 0, 0, 0, 0, 9, 152
"c:\Users\Vitalii\Projects\pc-hub\frontend\src\pages\Home\GameZone\index.ts", "TypeScript", 1, 0, 0, 0, 0, 0, 0, 0, 0, 0, 0, 0, 0, 0, 0, 0, 0, 1, 2
"c:\Users\Vitalii\Projects\pc-hub\frontend\src\pages\Home\HeroSection\Advantage\Advantage.module.css", "CSS", 0, 0, 0, 0, 48, 0, 0, 0, 0, 0, 0, 0, 0, 0, 0, 0, 0, 6, 54
"c:\Users\Vitalii\Projects\pc-hub\frontend\src\pages\Home\HeroSection\Advantage\Advantage.tsx", "TypeScript JSX", 0, 0, 0, 0, 0, 39, 0, 0, 0, 0, 0, 0, 0, 0, 0, 0, 0, 4, 43
"c:\Users\Vitalii\Projects\pc-hub\frontend\src\pages\Home\HeroSection\Catalog\Catalog.module.css", "CSS", 0, 0, 0, 0, 216, 0, 0, 0, 0, 0, 0, 0, 0, 0, 0, 0, 0, 39, 255
"c:\Users\Vitalii\Projects\pc-hub\frontend\src\pages\Home\HeroSection\Catalog\Catalog.tsx", "TypeScript JSX", 0, 0, 0, 0, 0, 81, 0, 0, 0, 0, 0, 0, 0, 0, 0, 0, 0, 6, 87
"c:\Users\Vitalii\Projects\pc-hub\frontend\src\pages\Home\HeroSection\HeroSection.module.css", "CSS", 0, 0, 0, 0, 37, 0, 0, 0, 0, 0, 0, 0, 0, 0, 0, 0, 0, 7, 44
"c:\Users\Vitalii\Projects\pc-hub\frontend\src\pages\Home\HeroSection\HeroSection.tsx", "TypeScript JSX", 0, 0, 0, 0, 0, 18, 0, 0, 0, 0, 0, 0, 0, 0, 0, 0, 0, 3, 21
"c:\Users\Vitalii\Projects\pc-hub\frontend\src\pages\Home\HeroSection\Slider\Slider.module.css", "CSS", 0, 0, 0, 0, 97, 0, 0, 0, 0, 0, 0, 0, 0, 0, 0, 0, 0, 16, 113
"c:\Users\Vitalii\Projects\pc-hub\frontend\src\pages\Home\HeroSection\Slider\Slider.tsx", "TypeScript JSX", 0, 0, 0, 0, 0, 75, 0, 0, 0, 0, 0, 0, 0, 0, 0, 0, 0, 11, 86
"c:\Users\Vitalii\Projects\pc-hub\frontend\src\pages\Home\HeroSection\index.ts", "TypeScript", 1, 0, 0, 0, 0, 0, 0, 0, 0, 0, 0, 0, 0, 0, 0, 0, 0, 1, 2
"c:\Users\Vitalii\Projects\pc-hub\frontend\src\pages\Home\Home.tsx", "TypeScript JSX", 0, 0, 0, 0, 0, 21, 0, 0, 0, 0, 0, 0, 0, 0, 0, 0, 0, 3, 24
"c:\Users\Vitalii\Projects\pc-hub\frontend\src\pages\Home\Media\Instagram\Instagram.module.css", "CSS", 0, 0, 0, 0, 137, 0, 0, 0, 0, 0, 0, 0, 0, 0, 0, 0, 0, 22, 159
"c:\Users\Vitalii\Projects\pc-hub\frontend\src\pages\Home\Media\Instagram\Instagram.tsx", "TypeScript JSX", 0, 0, 0, 0, 0, 67, 0, 0, 0, 0, 0, 0, 0, 0, 0, 0, 0, 5, 72
"c:\Users\Vitalii\Projects\pc-hub\frontend\src\pages\Home\Media\Media.module.css", "CSS", 0, 0, 0, 0, 28, 0, 0, 0, 0, 0, 0, 0, 0, 0, 0, 0, 0, 5, 33
"c:\Users\Vitalii\Projects\pc-hub\frontend\src\pages\Home\Media\Media.tsx", "TypeScript JSX", 0, 0, 0, 0, 0, 16, 0, 0, 0, 0, 0, 0, 0, 0, 0, 0, 0, 3, 19
"c:\Users\Vitalii\Projects\pc-hub\frontend\src\pages\Home\Media\Reviews\Reviews.module.css", "CSS", 0, 0, 0, 0, 230, 0, 0, 0, 0, 0, 0, 0, 0, 0, 0, 0, 0, 40, 270
"c:\Users\Vitalii\Projects\pc-hub\frontend\src\pages\Home\Media\Reviews\Reviews.tsx", "TypeScript JSX", 0, 0, 0, 0, 0, 135, 0, 0, 0, 0, 0, 0, 0, 0, 0, 0, 0, 13, 148
"c:\Users\Vitalii\Projects\pc-hub\frontend\src\pages\Home\Media\index.ts", "TypeScript", 1, 0, 0, 0, 0, 0, 0, 0, 0, 0, 0, 0, 0, 0, 0, 0, 0, 1, 2
"c:\Users\Vitalii\Projects\pc-hub\frontend\src\pages\Home\Partners\Partners.module.css", "CSS", 0, 0, 0, 0, 71, 0, 0, 0, 0, 0, 0, 0, 0, 0, 0, 0, 0, 14, 85
"c:\Users\Vitalii\Projects\pc-hub\frontend\src\pages\Home\Partners\Partners.tsx", "TypeScript JSX", 0, 0, 0, 0, 0, 44, 0, 0, 0, 0, 0, 0, 0, 0, 0, 0, 0, 5, 49
"c:\Users\Vitalii\Projects\pc-hub\frontend\src\pages\Home\Partners\index.ts", "TypeScript", 1, 0, 0, 0, 0, 0, 0, 0, 0, 0, 0, 0, 0, 0, 0, 0, 0, 1, 2
"c:\Users\Vitalii\Projects\pc-hub\frontend\src\pages\Home\TopSales\TopSales.module.css", "CSS", 0, 0, 0, 0, 28, 0, 0, 0, 0, 0, 0, 0, 0, 0, 0, 0, 0, 6, 34
"c:\Users\Vitalii\Projects\pc-hub\frontend\src\pages\Home\TopSales\TopSales.tsx", "TypeScript JSX", 0, 0, 0, 0, 0, 85, 0, 0, 0, 0, 0, 0, 0, 0, 0, 0, 0, 14, 99
"c:\Users\Vitalii\Projects\pc-hub\frontend\src\pages\Home\TopSales\index.ts", "TypeScript", 1, 0, 0, 0, 0, 0, 0, 0, 0, 0, 0, 0, 0, 0, 0, 0, 0, 1, 2
"c:\Users\Vitalii\Projects\pc-hub\frontend\src\pages\Home\index.ts", "TypeScript", 1, 0, 0, 0, 0, 0, 0, 0, 0, 0, 0, 0, 0, 0, 0, 0, 0, 1, 2
"c:\Users\Vitalii\Projects\pc-hub\frontend\src\pages\Home\news\News.module.css", "CSS", 0, 0, 0, 0, 158, 0, 0, 0, 0, 0, 0, 0, 0, 0, 0, 0, 0, 27, 185
"c:\Users\Vitalii\Projects\pc-hub\frontend\src\pages\Home\news\News.tsx", "TypeScript JSX", 0, 0, 0, 0, 0, 56, 0, 0, 0, 0, 0, 0, 0, 0, 0, 0, 0, 5, 61
"c:\Users\Vitalii\Projects\pc-hub\frontend\src\pages\Home\news\index.ts", "TypeScript", 1, 0, 0, 0, 0, 0, 0, 0, 0, 0, 0, 0, 0, 0, 0, 0, 0, 1, 2
"c:\Users\Vitalii\Projects\pc-hub\frontend\src\pages\ProductList\ProductList.module.css", "CSS", 0, 0, 0, 0, 70, 0, 0, 0, 0, 0, 0, 0, 0, 0, 0, 0, 0, 16, 86
"c:\Users\Vitalii\Projects\pc-hub\frontend\src\pages\ProductList\ProductList.tsx", "TypeScript JSX", 0, 0, 0, 0, 0, 76, 0, 0, 0, 0, 0, 0, 0, 0, 0, 0, 0, 6, 82
"c:\Users\Vitalii\Projects\pc-hub\frontend\src\pages\ProductList\index.ts", "TypeScript", 1, 0, 0, 0, 0, 0, 0, 0, 0, 0, 0, 0, 0, 0, 0, 0, 0, 1, 2
"c:\Users\Vitalii\Projects\pc-hub\frontend\src\pages\Product\AllInfo\AllInfo.module.css", "CSS", 0, 0, 0, 0, 452, 0, 0, 0, 0, 0, 0, 0, 0, 0, 0, 0, 1, 87, 540
"c:\Users\Vitalii\Projects\pc-hub\frontend\src\pages\Product\AllInfo\AllInfo.tsx", "TypeScript JSX", 0, 0, 0, 0, 0, 349, 0, 0, 0, 0, 0, 0, 0, 0, 0, 0, 0, 20, 369
"c:\Users\Vitalii\Projects\pc-hub\frontend\src\pages\Product\Characteristics\Characteristics.module.css", "CSS", 0, 0, 0, 0, 47, 0, 0, 0, 0, 0, 0, 0, 0, 0, 0, 0, 0, 9, 56
"c:\Users\Vitalii\Projects\pc-hub\frontend\src\pages\Product\Characteristics\Characteristics.tsx", "TypeScript JSX", 0, 0, 0, 0, 0, 32, 0, 0, 0, 0, 0, 0, 0, 0, 0, 0, 0, 4, 36
"c:\Users\Vitalii\Projects\pc-hub\frontend\src\pages\Product\Credit\Credit.module.css", "CSS", 0, 0, 0, 0, 181, 0, 0, 0, 0, 0, 0, 0, 0, 0, 0, 0, 0, 31, 212
"c:\Users\Vitalii\Projects\pc-hub\frontend\src\pages\Product\Credit\Credit.tsx", "TypeScript JSX", 0, 0, 0, 0, 0, 251, 0, 0, 0, 0, 0, 0, 0, 0, 0, 0, 0, 8, 259
"c:\Users\Vitalii\Projects\pc-hub\frontend\src\pages\Product\Head\Head.module.css", "CSS", 0, 0, 0, 0, 83, 0, 0, 0, 0, 0, 0, 0, 0, 0, 0, 0, 0, 14, 97
"c:\Users\Vitalii\Projects\pc-hub\frontend\src\pages\Product\Head\Head.tsx", "TypeScript JSX", 0, 0, 0, 0, 0, 83, 0, 0, 0, 0, 0, 0, 0, 0, 0, 0, 0, 6, 89
"c:\Users\Vitalii\Projects\pc-hub\frontend\src\pages\Product\Product.module.css", "CSS", 0, 0, 0, 0, 14, 0, 0, 0, 0, 0, 0, 0, 0, 0, 0, 0, 1, 4, 19
"c:\Users\Vitalii\Projects\pc-hub\frontend\src\pages\Product\Product.tsx", "TypeScript JSX", 0, 0, 0, 0, 0, 55, 0, 0, 0, 0, 0, 0, 0, 0, 0, 0, 0, 5, 60
"c:\Users\Vitalii\Projects\pc-hub\frontend\src\pages\Product\ProductSmall\ProductSmall.module.css", "CSS", 0, 0, 0, 0, 83, 0, 0, 0, 0, 0, 0, 0, 0, 0, 0, 0, 0, 15, 98
"c:\Users\Vitalii\Projects\pc-hub\frontend\src\pages\Product\ProductSmall\ProductSmall.tsx", "TypeScript JSX", 0, 0, 0, 0, 0, 58, 0, 0, 0, 0, 0, 0, 0, 0, 0, 0, 0, 5, 63
"c:\Users\Vitalii\Projects\pc-hub\frontend\src\pages\Product\Reviews\Reviews.module.css", "CSS", 0, 0, 0, 0, 182, 0, 0, 0, 0, 0, 0, 0, 0, 0, 0, 0, 0, 33, 215
"c:\Users\Vitalii\Projects\pc-hub\frontend\src\pages\Product\Reviews\Reviews.tsx", "TypeScript JSX", 0, 0, 0, 0, 0, 136, 0, 0, 0, 0, 0, 0, 0, 0, 0, 0, 0, 5, 141
"c:\Users\Vitalii\Projects\pc-hub\frontend\src\pages\Product\index.ts", "TypeScript", 1, 0, 0, 0, 0, 0, 0, 0, 0, 0, 0, 0, 0, 0, 0, 0, 0, 1, 2
"c:\Users\Vitalii\Projects\pc-hub\frontend\src\pages\index.ts", "TypeScript", 4, 0, 0, 0, 0, 0, 0, 0, 0, 0, 0, 0, 0, 0, 0, 0, 0, 1, 5
"c:\Users\Vitalii\Projects\pc-hub\frontend\src\store\catalog\catalog.slider.ts", "TypeScript", 85, 0, 0, 0, 0, 0, 0, 0, 0, 0, 0, 0, 0, 0, 0, 0, 0, 9, 94
"c:\Users\Vitalii\Projects\pc-hub\frontend\src\store\news\news.slice.ts", "TypeScript", 54, 0, 0, 0, 0, 0, 0, 0, 0, 0, 0, 0, 0, 0, 0, 0, 0, 7, 61
"c:\Users\Vitalii\Projects\pc-hub\frontend\src\store\partners\partners.slice.ts", "TypeScript", 49, 0, 0, 0, 0, 0, 0, 0, 0, 0, 0, 0, 0, 0, 0, 0, 0, 7, 56
"c:\Users\Vitalii\Projects\pc-hub\frontend\src\store\productList\productList.slice.ts", "TypeScript", 86, 0, 0, 0, 0, 0, 0, 0, 0, 0, 0, 0, 0, 0, 0, 0, 0, 7, 93
"c:\Users\Vitalii\Projects\pc-hub\frontend\src\store\product\product.slice.ts", "TypeScript", 68, 0, 0, 0, 0, 0, 0, 0, 0, 0, 0, 0, 0, 0, 0, 0, 0, 6, 74
"c:\Users\Vitalii\Projects\pc-hub\frontend\src\store\siteReviews\siteReviews.slice.ts", "TypeScript", 57, 0, 0, 0, 0, 0, 0, 0, 0, 0, 0, 0, 0, 0, 0, 0, 0, 8, 65
"c:\Users\Vitalii\Projects\pc-hub\frontend\src\store\slider\slider.slice.ts", "TypeScript", 50, 0, 0, 0, 0, 0, 0, 0, 0, 0, 0, 0, 0, 0, 0, 0, 0, 8, 58
"c:\Users\Vitalii\Projects\pc-hub\frontend\src\store\store.ts", "TypeScript", 28, 0, 0, 0, 0, 0, 0, 0, 0, 0, 0, 0, 0, 0, 0, 0, 0, 4, 32
"c:\Users\Vitalii\Projects\pc-hub\frontend\src\store\topSales\topSales.slice.ts", "TypeScript", 46, 0, 0, 0, 0, 0, 0, 0, 0, 0, 0, 0, 0, 0, 0, 0, 0, 6, 52
"c:\Users\Vitalii\Projects\pc-hub\frontend\src\store\types.ts", "TypeScript", 52, 0, 0, 0, 0, 0, 0, 0, 0, 0, 0, 0, 0, 0, 0, 0, 0, 8, 60
"c:\Users\Vitalii\Projects\pc-hub\frontend\src\store\user\user.slice.ts", "TypeScript", 305, 0, 0, 0, 0, 0, 0, 0, 0, 0, 0, 0, 0, 0, 0, 0, 5, 24, 334
"c:\Users\Vitalii\Projects\pc-hub\frontend\src\styles\components\basic.css", "CSS", 0, 0, 0, 0, 39, 0, 0, 0, 0, 0, 0, 0, 0, 0, 0, 0, 0, 8, 47
"c:\Users\Vitalii\Projects\pc-hub\frontend\src\styles\components\fonts.css", "CSS", 0, 0, 0, 0, 2, 0, 0, 0, 0, 0, 0, 0, 0, 0, 0, 0, 0, 1, 3
"c:\Users\Vitalii\Projects\pc-hub\frontend\src\styles\components\nullstyle.css", "CSS", 0, 0, 0, 0, 75, 0, 0, 0, 0, 0, 0, 0, 0, 0, 0, 0, 0, 15, 90
"c:\Users\Vitalii\Projects\pc-hub\frontend\src\styles\components\variables.css", "CSS", 0, 0, 0, 0, 22, 0, 0, 0, 0, 0, 0, 0, 0, 0, 0, 0, 0, 3, 25
"c:\Users\Vitalii\Projects\pc-hub\frontend\src\styles\global.css", "CSS", 0, 0, 0, 0, 4, 0, 0, 0, 0, 0, 0, 0, 0, 0, 0, 0, 0, 1, 5
"c:\Users\Vitalii\Projects\pc-hub\frontend\src\vite-env.d.ts", "TypeScript", 0, 0, 0, 0, 0, 0, 0, 0, 0, 0, 0, 0, 0, 0, 0, 0, 1, 1, 2
"c:\Users\Vitalii\Projects\pc-hub\frontend\tsconfig.app.json", "JSON", 0, 22, 0, 0, 0, 0, 0, 0, 0, 0, 0, 0, 0, 0, 0, 0, 2, 3, 27
"c:\Users\Vitalii\Projects\pc-hub\frontend\tsconfig.json", "JSON with Comments", 0, 0, 0, 7, 0, 0, 0, 0, 0, 0, 0, 0, 0, 0, 0, 0, 0, 1, 8
"c:\Users\Vitalii\Projects\pc-hub\frontend\tsconfig.node.json", "JSON", 0, 20, 0, 0, 0, 0, 0, 0, 0, 0, 0, 0, 0, 0, 0, 0, 2, 3, 25
"c:\Users\Vitalii\Projects\pc-hub\frontend\vite.config.ts", "TypeScript", 9, 0, 0, 0, 0, 0, 0, 0, 0, 0, 0, 0, 0, 0, 0, 0, 1, 2, 12
"Total", "-", 1056, -6510, 14, 7, 5023, 6605, 40, 292, 27, 41, 9, 104, 27, 3, -2994, -39, 32, 824, 4561